-- CVS Care Companion - Seed Data (5x expansion)
-- Run after all schema files
-- UUIDs auto-generated by Supabase

-- ============================================
-- MEDICATIONS (15 entries - 5x from 3)
-- ============================================
INSERT INTO medications (user_id, name, dosage, frequency, instructions, prescriber, pharmacy, refills_remaining, is_active) VALUES
('user_demo', 'Lisinopril', '10mg', 'Once daily', 'Take in the morning with water', 'Dr. Michael Rodriguez', 'CVS Pharmacy #4521 - Main Street', 3, true),
('user_demo', 'Metformin', '500mg', 'Twice daily', 'Take with meals', 'Dr. Sarah Chen', 'CVS Pharmacy #4521 - Main Street', 2, true),
('user_demo', 'Atorvastatin', '20mg', 'Once daily', 'Take at bedtime', 'Dr. Michael Rodriguez', 'CVS Pharmacy #4521 - Main Street', 5, true),
('user_demo', 'Amlodipine', '5mg', 'Once daily', 'Take in the morning', 'Dr. Sarah Chen', 'CVS Pharmacy #4521 - Main Street', 4, true),
('user_demo', 'Omeprazole', '20mg', 'Once daily', 'Take 30 minutes before breakfast', 'Dr. James Wilson', 'CVS Pharmacy #4521 - Main Street', 2, true),
('user_demo', 'Levothyroxine', '50mcg', 'Once daily', 'Take on empty stomach, 30-60 min before breakfast', 'Dr. Emily Park', 'CVS Pharmacy #8832 - Oak Avenue', 6, true),
('user_demo', 'Gabapentin', '300mg', 'Three times daily', 'May cause drowsiness', 'Dr. Michael Rodriguez', 'CVS Pharmacy #4521 - Main Street', 1, true),
('user_demo', 'Hydrochlorothiazide', '25mg', 'Once daily', 'Take in the morning to avoid nighttime urination', 'Dr. Sarah Chen', 'CVS Pharmacy #4521 - Main Street', 3, true),
('user_demo', 'Sertraline', '50mg', 'Once daily', 'Take in the morning with food', 'Dr. Lisa Thompson', 'CVS Pharmacy #8832 - Oak Avenue', 2, true),
('user_demo', 'Losartan', '50mg', 'Once daily', 'Monitor blood pressure regularly', 'Dr. Michael Rodriguez', 'CVS Pharmacy #4521 - Main Street', 4, true),
('user_demo', 'Albuterol Inhaler', '90mcg', 'As needed', '2 puffs every 4-6 hours as needed for breathing', 'Dr. Emily Park', 'CVS Pharmacy #4521 - Main Street', 2, true),
('user_demo', 'Pantoprazole', '40mg', 'Once daily', 'Take before breakfast', 'Dr. James Wilson', 'CVS Pharmacy #8832 - Oak Avenue', 3, true),
('user_demo', 'Montelukast', '10mg', 'Once daily', 'Take in the evening', 'Dr. Emily Park', 'CVS Pharmacy #4521 - Main Street', 5, true),
('user_demo', 'Escitalopram', '10mg', 'Once daily', 'Take at the same time each day', 'Dr. Lisa Thompson', 'CVS Pharmacy #8832 - Oak Avenue', 4, true),
('user_demo', 'Prednisone', '10mg', '5-day taper', 'Follow taper schedule, take with food', 'Dr. Sarah Chen', 'CVS Pharmacy #4521 - Main Street', 0, true);

-- ============================================
-- HEALTH CONDITIONS (20 entries)
-- ============================================
INSERT INTO health_conditions (user_id, condition_name, diagnosed_date, status, notes) VALUES
('user_demo', 'Hypertension', '2020-03-15', 'managed', 'Well controlled with medication'),
('user_demo', 'Type 2 Diabetes', '2019-08-22', 'managed', 'A1C at target with metformin'),
('user_demo', 'High Cholesterol', '2021-01-10', 'managed', 'LDL improved with statin therapy'),
('user_demo', 'Seasonal Allergies', '2015-05-01', 'active', 'Worse in spring and fall'),
('user_demo', 'GERD', '2022-06-18', 'managed', 'Controlled with PPI'),
('user_demo', 'Hypothyroidism', '2018-11-30', 'managed', 'TSH levels stable'),
('user_demo', 'Mild Asthma', '2016-04-12', 'managed', 'Uses rescue inhaler as needed'),
('user_demo', 'Anxiety', '2021-09-05', 'managed', 'Responds well to SSRI'),
('user_demo', 'Osteoarthritis', '2022-02-28', 'active', 'Knee pain, managed with OTC'),
('user_demo', 'Vitamin D Deficiency', '2023-01-15', 'managed', 'On supplementation'),
('user_demo2', 'Hypertension', '2019-07-20', 'managed', 'Controlled with losartan'),
('user_demo2', 'Migraines', '2017-03-10', 'active', 'Episodic, 2-3 per month'),
('user_demo2', 'Insomnia', '2022-11-08', 'active', 'Sleep hygiene improvements ongoing'),
('user_demo2', 'Prediabetes', '2023-04-22', 'active', 'Lifestyle modifications in progress'),
('user_demo2', 'Back Pain', '2020-09-14', 'managed', 'Chronic lower back, physical therapy'),
('user_demo3', 'Asthma', '2010-06-01', 'managed', 'Well controlled with daily inhaler'),
('user_demo3', 'Eczema', '2015-12-20', 'active', 'Flares in winter'),
('user_demo3', 'Depression', '2021-02-14', 'managed', 'Stable on current regimen'),
('user_demo3', 'IBS', '2019-08-30', 'active', 'Dietary management'),
('user_demo3', 'Anemia', '2022-07-11', 'managed', 'Iron supplementation');

-- ============================================
-- ALLERGIES (25 entries)
-- ============================================
INSERT INTO allergies (user_id, allergen, severity, reaction) VALUES
('user_demo', 'Penicillin', 'severe', 'Anaphylaxis - requires EpiPen'),
('user_demo', 'Sulfa drugs', 'moderate', 'Skin rash and hives'),
('user_demo', 'Shellfish', 'moderate', 'Swelling and difficulty breathing'),
('user_demo', 'Latex', 'mild', 'Contact dermatitis'),
('user_demo', 'Aspirin', 'moderate', 'Stomach upset and hives'),
('user_demo2', 'Codeine', 'moderate', 'Severe nausea and vomiting'),
('user_demo2', 'Ibuprofen', 'mild', 'Stomach irritation'),
('user_demo2', 'Peanuts', 'severe', 'Anaphylaxis'),
('user_demo2', 'Amoxicillin', 'moderate', 'Full body rash'),
('user_demo2', 'Bee stings', 'severe', 'Anaphylaxis - carries EpiPen'),
('user_demo3', 'Erythromycin', 'mild', 'GI upset'),
('user_demo3', 'Eggs', 'moderate', 'Hives and swelling'),
('user_demo3', 'Morphine', 'moderate', 'Severe itching and confusion'),
('user_demo3', 'Dust mites', 'mild', 'Nasal congestion and sneezing'),
('user_demo3', 'Contrast dye', 'moderate', 'Requires pre-medication'),
('user_demo4', 'Tetracycline', 'mild', 'Photosensitivity'),
('user_demo4', 'Tree nuts', 'severe', 'Throat swelling'),
('user_demo4', 'NSAIDs', 'moderate', 'Asthma exacerbation'),
('user_demo4', 'Adhesive tape', 'mild', 'Skin irritation'),
('user_demo4', 'Fluoroquinolones', 'moderate', 'Tendon pain'),
('user_demo5', 'Metformin', 'mild', 'GI intolerance'),
('user_demo5', 'Dairy', 'moderate', 'Lactose intolerance symptoms'),
('user_demo5', 'Cephalosporins', 'moderate', 'Cross-reactivity with penicillin'),
('user_demo5', 'Nickel', 'mild', 'Contact dermatitis'),
('user_demo5', 'Tramadol', 'moderate', 'Seizure risk');

-- ============================================
-- SYMPTOM LOGS (50 entries)
-- ============================================
INSERT INTO symptom_logs (user_id, symptom, severity, duration, notes, logged_at) VALUES
('user_demo', 'Headache', 5, '2 hours', 'Started after lunch, tension-type', NOW() - INTERVAL '1 day'),
('user_demo', 'Fatigue', 6, '3 days', 'Feeling tired despite adequate sleep', NOW() - INTERVAL '2 days'),
('user_demo', 'Cough', 4, '1 week', 'Dry cough, worse at night', NOW() - INTERVAL '3 days'),
('user_demo', 'Joint pain', 5, '2 weeks', 'Knee stiffness in morning', NOW() - INTERVAL '5 days'),
('user_demo', 'Heartburn', 4, '1 day', 'After eating spicy food', NOW() - INTERVAL '1 day'),
('user_demo', 'Dizziness', 3, '30 minutes', 'When standing up quickly', NOW() - INTERVAL '4 days'),
('user_demo', 'Sore throat', 5, '2 days', 'Scratchy feeling, no fever', NOW() - INTERVAL '6 days'),
('user_demo', 'Back pain', 6, '1 week', 'Lower back, worse with sitting', NOW() - INTERVAL '7 days'),
('user_demo', 'Nausea', 4, '4 hours', 'After taking medication', NOW() - INTERVAL '8 days'),
('user_demo', 'Insomnia', 5, '4 days', 'Difficulty falling asleep', NOW() - INTERVAL '2 days'),
('user_demo2', 'Migraine', 8, '6 hours', 'With aura and light sensitivity', NOW() - INTERVAL '1 day'),
('user_demo2', 'Congestion', 4, '3 days', 'Stuffy nose, seasonal allergies', NOW() - INTERVAL '3 days'),
('user_demo2', 'Muscle aches', 5, '2 days', 'After exercise', NOW() - INTERVAL '4 days'),
('user_demo2', 'Anxiety', 6, '1 week', 'Work-related stress', NOW() - INTERVAL '5 days'),
('user_demo2', 'Stomach cramps', 5, '3 hours', 'After eating dairy', NOW() - INTERVAL '2 days'),
('user_demo2', 'Shortness of breath', 4, '10 minutes', 'During exercise', NOW() - INTERVAL '6 days'),
('user_demo2', 'Rash', 3, '2 days', 'On forearms, slightly itchy', NOW() - INTERVAL '7 days'),
('user_demo2', 'Eye strain', 4, '1 day', 'From screen time', NOW() - INTERVAL '1 day'),
('user_demo2', 'Neck stiffness', 5, '3 days', 'From sleeping wrong', NOW() - INTERVAL '3 days'),
('user_demo2', 'Bloating', 4, '6 hours', 'After large meal', NOW() - INTERVAL '2 days'),
('user_demo3', 'Wheezing', 5, '2 hours', 'Triggered by cold air', NOW() - INTERVAL '1 day'),
('user_demo3', 'Dry skin', 3, '1 week', 'Winter dryness', NOW() - INTERVAL '4 days'),
('user_demo3', 'Mood changes', 5, '5 days', 'Feeling low energy', NOW() - INTERVAL '5 days'),
('user_demo3', 'Constipation', 4, '3 days', 'Less fiber intake', NOW() - INTERVAL '3 days'),
('user_demo3', 'Hot flashes', 5, '15 minutes', 'Several times daily', NOW() - INTERVAL '2 days'),
('user_demo3', 'Tingling', 3, '1 hour', 'In fingers, occasional', NOW() - INTERVAL '6 days'),
('user_demo3', 'Loss of appetite', 4, '2 days', 'Not feeling hungry', NOW() - INTERVAL '7 days'),
('user_demo3', 'Ear pain', 5, '1 day', 'Right ear, feels blocked', NOW() - INTERVAL '1 day'),
('user_demo3', 'Leg cramps', 6, '5 minutes', 'At night, calf muscle', NOW() - INTERVAL '4 days'),
('user_demo3', 'Sneezing', 3, '4 hours', 'Allergy season', NOW() - INTERVAL '2 days'),
('user_demo', 'Chest tightness', 4, '30 minutes', 'Resolved with rest', NOW() - INTERVAL '10 days'),
('user_demo', 'Swollen ankles', 3, '2 days', 'Mild, end of day', NOW() - INTERVAL '12 days'),
('user_demo', 'Frequent urination', 4, '3 days', 'More than usual', NOW() - INTERVAL '14 days'),
('user_demo', 'Dry mouth', 3, '1 week', 'Side effect of medication', NOW() - INTERVAL '9 days'),
('user_demo', 'Weight gain', 4, '2 weeks', '3 pounds increase', NOW() - INTERVAL '15 days'),
('user_demo2', 'Hair loss', 3, '1 month', 'Noticed more shedding', NOW() - INTERVAL '20 days'),
('user_demo2', 'Bruising easily', 4, '2 weeks', 'Minor bumps cause bruises', NOW() - INTERVAL '18 days'),
('user_demo2', 'Cold hands', 3, '1 month', 'Even in warm weather', NOW() - INTERVAL '25 days'),
('user_demo2', 'Memory issues', 4, '2 weeks', 'Forgetting small things', NOW() - INTERVAL '16 days'),
('user_demo2', 'Night sweats', 5, '1 week', 'Waking up damp', NOW() - INTERVAL '8 days'),
('user_demo3', 'Jaw pain', 4, '3 days', 'TMJ-related', NOW() - INTERVAL '9 days'),
('user_demo3', 'Palpitations', 5, '10 minutes', 'Occasional, with caffeine', NOW() - INTERVAL '11 days'),
('user_demo3', 'Acne', 3, '2 weeks', 'Hormonal breakout', NOW() - INTERVAL '13 days'),
('user_demo3', 'Foot pain', 5, '1 week', 'Plantar fasciitis', NOW() - INTERVAL '17 days'),
('user_demo3', 'Sensitivity to light', 4, '2 days', 'With headache', NOW() - INTERVAL '19 days'),
('user_demo', 'Runny nose', 3, '4 days', 'Clear discharge', NOW() - INTERVAL '21 days'),
('user_demo', 'Weakness', 5, '2 days', 'General fatigue', NOW() - INTERVAL '22 days'),
('user_demo2', 'Itchy eyes', 3, '1 week', 'Allergies', NOW() - INTERVAL '23 days'),
('user_demo2', 'Indigestion', 4, '4 hours', 'Heavy meal', NOW() - INTERVAL '24 days'),
('user_demo3', 'Stiff joints', 5, '1 week', 'Morning stiffness', NOW() - INTERVAL '26 days');

-- ============================================
-- VITALS (60 entries)
-- ============================================
INSERT INTO vitals (user_id, type, value, unit, notes, measured_at) VALUES
('user_demo', 'blood_pressure', '{"systolic": 128, "diastolic": 82}', 'mmHg', 'Morning reading', NOW() - INTERVAL '1 day'),
('user_demo', 'blood_pressure', '{"systolic": 132, "diastolic": 85}', 'mmHg', 'After work', NOW() - INTERVAL '2 days'),
('user_demo', 'blood_pressure', '{"systolic": 125, "diastolic": 80}', 'mmHg', 'Relaxed state', NOW() - INTERVAL '3 days'),
('user_demo', 'blood_pressure', '{"systolic": 135, "diastolic": 88}', 'mmHg', 'Slightly elevated', NOW() - INTERVAL '4 days'),
('user_demo', 'blood_pressure', '{"systolic": 122, "diastolic": 78}', 'mmHg', 'Good reading', NOW() - INTERVAL '5 days'),
('user_demo', 'blood_pressure', '{"systolic": 130, "diastolic": 84}', 'mmHg', 'Morning', NOW() - INTERVAL '6 days'),
('user_demo', 'blood_pressure', '{"systolic": 127, "diastolic": 81}', 'mmHg', 'Before medication', NOW() - INTERVAL '7 days'),
('user_demo2', 'blood_pressure', '{"systolic": 145, "diastolic": 92}', 'mmHg', 'Need to monitor', NOW() - INTERVAL '1 day'),
('user_demo2', 'blood_pressure', '{"systolic": 140, "diastolic": 90}', 'mmHg', 'Slightly high', NOW() - INTERVAL '2 days'),
('user_demo2', 'blood_pressure', '{"systolic": 138, "diastolic": 88}', 'mmHg', 'Improving', NOW() - INTERVAL '3 days'),
('user_demo', 'weight', '{"value": 185}', 'lbs', 'Morning weight', NOW() - INTERVAL '1 day'),
('user_demo', 'weight', '{"value": 184}', 'lbs', 'After exercise', NOW() - INTERVAL '3 days'),
('user_demo', 'weight', '{"value": 186}', 'lbs', 'Weekend', NOW() - INTERVAL '5 days'),
('user_demo', 'weight', '{"value": 185}', 'lbs', 'Stable', NOW() - INTERVAL '7 days'),
('user_demo', 'weight', '{"value": 183}', 'lbs', 'Good progress', NOW() - INTERVAL '10 days'),
('user_demo2', 'weight', '{"value": 165}', 'lbs', 'Morning', NOW() - INTERVAL '1 day'),
('user_demo2', 'weight', '{"value": 166}', 'lbs', 'After meals', NOW() - INTERVAL '4 days'),
('user_demo3', 'weight', '{"value": 142}', 'lbs', 'Weekly check', NOW() - INTERVAL '1 day'),
('user_demo3', 'weight', '{"value": 143}', 'lbs', 'Slight increase', NOW() - INTERVAL '7 days'),
('user_demo3', 'weight', '{"value": 141}', 'lbs', 'Goal weight', NOW() - INTERVAL '14 days'),
('user_demo', 'glucose', '{"value": 105}', 'mg/dL', 'Fasting glucose', NOW() - INTERVAL '1 day'),
('user_demo', 'glucose', '{"value": 142}', 'mg/dL', '2 hours after meal', NOW() - INTERVAL '1 day'),
('user_demo', 'glucose', '{"value": 98}', 'mg/dL', 'Fasting', NOW() - INTERVAL '2 days'),
('user_demo', 'glucose', '{"value": 155}', 'mg/dL', 'Post-lunch', NOW() - INTERVAL '2 days'),
('user_demo', 'glucose', '{"value": 102}', 'mg/dL', 'Morning', NOW() - INTERVAL '3 days'),
('user_demo', 'glucose', '{"value": 95}', 'mg/dL', 'Fasting - good', NOW() - INTERVAL '4 days'),
('user_demo', 'glucose', '{"value": 110}', 'mg/dL', 'Slightly elevated', NOW() - INTERVAL '5 days'),
('user_demo2', 'glucose', '{"value": 118}', 'mg/dL', 'Fasting - prediabetes', NOW() - INTERVAL '1 day'),
('user_demo2', 'glucose', '{"value": 165}', 'mg/dL', 'After carb-heavy meal', NOW() - INTERVAL '2 days'),
('user_demo2', 'glucose', '{"value": 112}', 'mg/dL', 'Fasting', NOW() - INTERVAL '3 days'),
('user_demo', 'heart_rate', '{"value": 72}', 'bpm', 'Resting', NOW() - INTERVAL '1 day'),
('user_demo', 'heart_rate', '{"value": 68}', 'bpm', 'Morning', NOW() - INTERVAL '2 days'),
('user_demo', 'heart_rate', '{"value": 85}', 'bpm', 'After walking', NOW() - INTERVAL '3 days'),
('user_demo', 'heart_rate', '{"value": 110}', 'bpm', 'After exercise', NOW() - INTERVAL '4 days'),
('user_demo', 'heart_rate', '{"value": 70}', 'bpm', 'Resting', NOW() - INTERVAL '5 days'),
('user_demo2', 'heart_rate', '{"value": 78}', 'bpm', 'Slightly elevated', NOW() - INTERVAL '1 day'),
('user_demo2', 'heart_rate', '{"value": 65}', 'bpm', 'Good resting rate', NOW() - INTERVAL '2 days'),
('user_demo3', 'heart_rate', '{"value": 62}', 'bpm', 'Athletic', NOW() - INTERVAL '1 day'),
('user_demo3', 'heart_rate', '{"value": 130}', 'bpm', 'During workout', NOW() - INTERVAL '2 days'),
('user_demo3', 'heart_rate', '{"value": 60}', 'bpm', 'Morning resting', NOW() - INTERVAL '3 days'),
('user_demo', 'temperature', '{"value": 98.6}', '°F', 'Normal', NOW() - INTERVAL '1 day'),
('user_demo', 'temperature', '{"value": 99.2}', '°F', 'Slightly elevated', NOW() - INTERVAL '5 days'),
('user_demo2', 'temperature', '{"value": 98.4}', '°F', 'Normal', NOW() - INTERVAL '1 day'),
('user_demo2', 'temperature', '{"value": 100.4}', '°F', 'Low-grade fever', NOW() - INTERVAL '10 days'),
('user_demo3', 'temperature', '{"value": 98.2}', '°F', 'Normal', NOW() - INTERVAL '1 day'),
('user_demo', 'oxygen', '{"value": 98}', '%', 'Normal SpO2', NOW() - INTERVAL '1 day'),
('user_demo', 'oxygen', '{"value": 97}', '%', 'Good', NOW() - INTERVAL '3 days'),
('user_demo2', 'oxygen', '{"value": 96}', '%', 'Acceptable', NOW() - INTERVAL '1 day'),
('user_demo3', 'oxygen', '{"value": 99}', '%', 'Excellent', NOW() - INTERVAL '1 day'),
('user_demo3', 'oxygen', '{"value": 95}', '%', 'During asthma flare', NOW() - INTERVAL '8 days'),
('user_demo', 'blood_pressure', '{"systolic": 124, "diastolic": 79}', 'mmHg', 'Excellent', NOW() - INTERVAL '8 days'),
('user_demo', 'blood_pressure', '{"systolic": 129, "diastolic": 83}', 'mmHg', 'Normal', NOW() - INTERVAL '9 days'),
('user_demo', 'blood_pressure', '{"systolic": 131, "diastolic": 86}', 'mmHg', 'Borderline', NOW() - INTERVAL '10 days'),
('user_demo2', 'blood_pressure', '{"systolic": 142, "diastolic": 91}', 'mmHg', 'High', NOW() - INTERVAL '4 days'),
('user_demo2', 'blood_pressure', '{"systolic": 136, "diastolic": 87}', 'mmHg', 'Improving', NOW() - INTERVAL '5 days'),
('user_demo3', 'blood_pressure', '{"systolic": 118, "diastolic": 76}', 'mmHg', 'Optimal', NOW() - INTERVAL '1 day'),
('user_demo3', 'blood_pressure', '{"systolic": 120, "diastolic": 78}', 'mmHg', 'Normal', NOW() - INTERVAL '3 days'),
('user_demo3', 'blood_pressure', '{"systolic": 116, "diastolic": 74}', 'mmHg', 'Great', NOW() - INTERVAL '5 days'),
('user_demo', 'glucose', '{"value": 108}', 'mg/dL', 'Pre-meal', NOW() - INTERVAL '6 days'),
('user_demo', 'glucose', '{"value": 92}', 'mg/dL', 'Best reading', NOW() - INTERVAL '7 days');

-- ============================================
-- APPOINTMENTS (20 entries)
-- ============================================
INSERT INTO appointments (user_id, location, location_address, appointment_type, provider, scheduled_at, duration_minutes, status, notes) VALUES
('user_demo', 'CVS MinuteClinic - Main Street', '123 Main Street, Boston, MA 02101', 'Wellness Visit', 'NP Sarah Johnson', NOW() + INTERVAL '2 days', 30, 'scheduled', 'Annual checkup'),
('user_demo', 'CVS MinuteClinic - Oak Avenue', '456 Oak Avenue, Boston, MA 02102', 'Flu Shot', 'Available', NOW() + INTERVAL '1 day', 15, 'scheduled', 'Seasonal flu vaccination'),
('user_demo', 'CVS MinuteClinic - Main Street', '123 Main Street, Boston, MA 02101', 'Blood Pressure Check', 'Available', NOW() + INTERVAL '5 days', 15, 'scheduled', 'Routine monitoring'),
('user_demo', 'CVS MinuteClinic - Park Plaza', '789 Park Plaza, Boston, MA 02103', 'Diabetes Screening', 'NP Michael Brown', NOW() + INTERVAL '1 week', 30, 'scheduled', 'A1C test'),
('user_demo', 'CVS MinuteClinic - Main Street', '123 Main Street, Boston, MA 02101', 'Skin Condition', 'NP Sarah Johnson', NOW() - INTERVAL '2 weeks', 20, 'completed', 'Rash evaluation'),
('user_demo', 'CVS MinuteClinic - Oak Avenue', '456 Oak Avenue, Boston, MA 02102', 'Strep Test', 'NP Lisa Chen', NOW() - INTERVAL '1 month', 15, 'completed', 'Negative result'),
('user_demo', 'CVS MinuteClinic - Main Street', '123 Main Street, Boston, MA 02101', 'COVID Test', 'Available', NOW() - INTERVAL '3 months', 15, 'completed', 'Negative'),
('user_demo2', 'CVS MinuteClinic - Downtown', '100 Downtown Crossing, Boston, MA 02108', 'Migraine Consultation', 'NP David Park', NOW() + INTERVAL '3 days', 30, 'scheduled', 'Discuss treatment options'),
('user_demo2', 'CVS MinuteClinic - Main Street', '123 Main Street, Boston, MA 02101', 'Vaccination', 'Available', NOW() + INTERVAL '1 week', 15, 'scheduled', 'Tdap booster'),
('user_demo2', 'CVS MinuteClinic - Oak Avenue', '456 Oak Avenue, Boston, MA 02102', 'Physical Exam', 'NP Sarah Johnson', NOW() - INTERVAL '6 months', 45, 'completed', 'Annual physical'),
('user_demo3', 'CVS MinuteClinic - Park Plaza', '789 Park Plaza, Boston, MA 02103', 'Asthma Follow-up', 'NP Michael Brown', NOW() + INTERVAL '4 days', 20, 'scheduled', 'Inhaler review'),
('user_demo3', 'CVS MinuteClinic - Main Street', '123 Main Street, Boston, MA 02101', 'Allergy Testing', 'NP Lisa Chen', NOW() + INTERVAL '2 weeks', 45, 'scheduled', 'Seasonal allergies'),
('user_demo3', 'CVS MinuteClinic - Downtown', '100 Downtown Crossing, Boston, MA 02108', 'Ear Infection', 'NP David Park', NOW() - INTERVAL '1 week', 20, 'completed', 'Prescribed antibiotics'),
('user_demo', 'CVS MinuteClinic - Oak Avenue', '456 Oak Avenue, Boston, MA 02102', 'Sports Physical', 'Available', NOW() - INTERVAL '2 months', 30, 'completed', 'Cleared for activity'),
('user_demo', 'CVS MinuteClinic - Main Street', '123 Main Street, Boston, MA 02101', 'UTI Treatment', 'NP Sarah Johnson', NOW() - INTERVAL '5 months', 20, 'completed', 'Antibiotics prescribed'),
('user_demo2', 'CVS MinuteClinic - Park Plaza', '789 Park Plaza, Boston, MA 02103', 'Mental Health Check', 'NP David Park', NOW() + INTERVAL '10 days', 30, 'scheduled', 'Anxiety management'),
('user_demo2', 'CVS MinuteClinic - Downtown', '100 Downtown Crossing, Boston, MA 02108', 'Weight Management', 'NP Michael Brown', NOW() - INTERVAL '3 weeks', 30, 'completed', 'Lifestyle counseling'),
('user_demo3', 'CVS MinuteClinic - Main Street', '123 Main Street, Boston, MA 02101', 'Skin Check', 'NP Lisa Chen', NOW() - INTERVAL '4 months', 20, 'completed', 'Mole examination'),
('user_demo', 'CVS MinuteClinic - Downtown', '100 Downtown Crossing, Boston, MA 02108', 'Travel Vaccines', 'NP David Park', NOW() + INTERVAL '3 weeks', 30, 'scheduled', 'Hepatitis A & B'),
('user_demo', 'CVS MinuteClinic - Park Plaza', '789 Park Plaza, Boston, MA 02103', 'Cholesterol Check', 'Available', NOW() - INTERVAL '4 weeks', 15, 'completed', 'Lipid panel');

-- ============================================
-- USER PREFERENCES (5 entries)
-- ============================================
INSERT INTO user_preferences (user_id, preferred_pharmacy, preferred_communication, notification_enabled, reminder_time_preference, language, accessibility_settings) VALUES
('user_demo', 'CVS Pharmacy #4521 - Main Street', 'sms', true, 'morning', 'en', '{"high_contrast": false, "large_text": false, "screen_reader": false}'),
('user_demo2', 'CVS Pharmacy #8832 - Oak Avenue', 'email', true, 'evening', 'en', '{"high_contrast": true, "large_text": true, "screen_reader": false}'),
('user_demo3', 'CVS Pharmacy #4521 - Main Street', 'push', true, 'morning', 'en', '{"high_contrast": false, "large_text": false, "screen_reader": true}'),
('user_demo4', 'CVS Pharmacy #9921 - Downtown', 'sms', false, 'afternoon', 'es', '{"high_contrast": false, "large_text": true, "screen_reader": false}'),
('user_demo5', 'CVS Pharmacy #8832 - Oak Avenue', 'email', true, 'morning', 'en', '{"high_contrast": false, "large_text": false, "screen_reader": false}');

-- ============================================
-- PRESCRIPTION NOTIFICATIONS (10 entries)
-- ============================================
INSERT INTO prescription_notifications (user_id, prescription_id, prescription_name, pharmacy, notify_when, status) VALUES
('user_demo', 'mock-rx-002', 'Metformin 500mg', 'CVS Pharmacy #4521 - Main Street', 'ready', 'pending'),
('user_demo', 'mock-rx-003', 'Atorvastatin 20mg', 'CVS Pharmacy #4521 - Main Street', 'ready', 'pending'),
('user_demo', 'mock-rx-007', 'Gabapentin 300mg', 'CVS Pharmacy #4521 - Main Street', 'reminder', 'pending'),
('user_demo2', 'mock-rx-001', 'Lisinopril 10mg', 'CVS Pharmacy #8832 - Oak Avenue', 'ready', 'sent'),
('user_demo2', 'mock-rx-004', 'Amlodipine 5mg', 'CVS Pharmacy #8832 - Oak Avenue', 'ready', 'pending'),
('user_demo3', 'mock-rx-006', 'Levothyroxine 50mcg', 'CVS Pharmacy #4521 - Main Street', 'reminder', 'pending'),
('user_demo', 'mock-rx-015', 'Prednisone 10mg', 'CVS Pharmacy #4521 - Main Street', 'ready', 'sent'),
('user_demo', 'mock-rx-011', 'Albuterol Inhaler', 'CVS Pharmacy #4521 - Main Street', 'reminder', 'pending'),
('user_demo2', 'mock-rx-009', 'Sertraline 50mg', 'CVS Pharmacy #8832 - Oak Avenue', 'ready', 'cancelled'),
('user_demo3', 'mock-rx-013', 'Montelukast 10mg', 'CVS Pharmacy #4521 - Main Street', 'ready', 'pending');

-- ============================================
-- ESCALATION TRIGGERS (Anti-troll responses)
-- ============================================
CREATE TABLE IF NOT EXISTS escalation_triggers (
  id UUID PRIMARY KEY DEFAULT uuid_generate_v4(),
  trigger_phrase TEXT NOT NULL,
  category TEXT NOT NULL CHECK (category IN ('agent_request', 'frustration', 'spam', 'test', 'inappropriate')),
  response TEXT NOT NULL,
  action TEXT DEFAULT 'respond',
  created_at TIMESTAMP WITH TIME ZONE DEFAULT NOW()
);

INSERT INTO escalation_triggers (trigger_phrase, category, response, action) VALUES
-- Agent/Human requests
('agent', 'agent_request', 'I understand you''d like to speak with someone directly. I can connect you with a CVS pharmacist who can help. Would you like me to request a callback?', 'offer_callback'),
('representative', 'agent_request', 'I''d be happy to connect you with a CVS team member. Would you prefer to speak with a pharmacist, or would you like the MinuteClinic number?', 'offer_callback'),
('human', 'agent_request', 'I can arrange for a CVS pharmacist to call you back within 15 minutes. Would that work for you?', 'offer_callback'),
('real person', 'agent_request', 'Absolutely, I can connect you with our pharmacy team. They''re available to help with any questions I can''t answer. Shall I request a callback?', 'offer_callback'),
('talk to someone', 'agent_request', 'Of course! I can connect you with a CVS pharmacist. Would you like a callback, or would you prefer the pharmacy direct line?', 'offer_callback'),
('speak to someone', 'agent_request', 'I''d be glad to help you reach our team. Would you like to speak with a pharmacist or schedule a MinuteClinic visit?', 'offer_callback'),
('live agent', 'agent_request', 'I can connect you with our pharmacy team right away. Would you like me to request a callback?', 'offer_callback'),
('transfer', 'agent_request', 'I can transfer you to a CVS pharmacist. They typically call back within 10-15 minutes. Would you like me to arrange that?', 'offer_callback'),
('manager', 'agent_request', 'I understand you''d like to speak with someone in charge. I can connect you with our pharmacy team who can address your concerns. Would that help?', 'offer_callback'),
('supervisor', 'agent_request', 'I can escalate your concern to our pharmacy team. Would you like me to request a callback from a senior pharmacist?', 'offer_callback'),

-- Frustration
('this is useless', 'frustration', 'I''m sorry I haven''t been able to help. Let me connect you with a CVS pharmacist who can assist you directly. Would you like a callback?', 'offer_callback'),
('you''re not helping', 'frustration', 'I apologize for the frustration. Let me get you to someone who can help better. Would you like to speak with a pharmacist?', 'offer_callback'),
('useless bot', 'frustration', 'I understand your frustration and I''m sorry. A CVS pharmacist can help you directly - would you like me to arrange a callback?', 'offer_callback'),
('stupid bot', 'frustration', 'I''m sorry I couldn''t help. Let me connect you with our pharmacy team who can assist you better.', 'offer_callback'),
('doesn''t work', 'frustration', 'I apologize for the difficulty. Let me connect you with someone who can help resolve this. Would you like a pharmacist callback?', 'offer_callback'),
('broken', 'frustration', 'I''m sorry you''re having trouble. I can connect you with our pharmacy team right away. Would that help?', 'offer_callback'),

-- Spam/Test
('test', 'test', 'I''m here and ready to help! You can ask me about prescriptions, book a MinuteClinic appointment, or get general health information.', 'respond'),
('hello', 'test', 'Hello! I''m CVS Care Companion. How can I help you today? I can check prescription status, help book appointments, or answer health questions.', 'respond'),
('hi', 'test', 'Hi there! How can I assist you today?', 'respond'),
('hey', 'test', 'Hey! What can I help you with?', 'respond'),
('asdf', 'spam', 'I didn''t quite catch that. How can I help you today? I can assist with prescriptions, appointments, or health questions.', 'respond'),
('aaaa', 'spam', 'I''m here to help! Feel free to ask about your prescriptions, book appointments, or get health information.', 'respond'),
('...', 'spam', 'I''m ready when you are! What can I help you with today?', 'respond'),
('???', 'spam', 'I''m CVS Care Companion. I can help with prescription status, refills, MinuteClinic appointments, and general health questions. What would you like to know?', 'respond'),
('lol', 'spam', 'I''m here to help whenever you''re ready! What can I assist you with?', 'respond'),
('haha', 'spam', 'Ready to help when you need me! Ask about prescriptions, appointments, or health questions.', 'respond'),

-- Inappropriate (respond professionally, don''t engage)
('shut up', 'inappropriate', 'I''m here to help with your healthcare needs. Is there something specific I can assist you with today?', 'respond'),
('go away', 'inappropriate', 'I understand. If you need help later with prescriptions, appointments, or health questions, I''ll be here.', 'respond'),
('hate you', 'inappropriate', 'I''m sorry to hear that. If there''s something specific I can help improve, please let me know. I''m here for your healthcare needs.', 'respond'),
('you suck', 'inappropriate', 'I appreciate the feedback. If there''s a specific issue I can help resolve, I''d like to try. What can I assist you with?', 'respond');

-- ============================================
-- ANALYTICS SEED DATA
-- ============================================
INSERT INTO analytics_events (user_id, session_id, event_type, event_name, event_data, page_path, device_type, created_at) VALUES
('user_demo', 'sess_001', 'page_view', 'Page Viewed', '{}', '/', 'desktop', NOW() - INTERVAL '1 day'),
('user_demo', 'sess_001', 'chat_started', 'Chat Session Started', '{}', '/', 'desktop', NOW() - INTERVAL '1 day'),
('user_demo', 'sess_001', 'message_sent', 'User Message Sent', '{"messageLength": 25}', '/', 'desktop', NOW() - INTERVAL '1 day'),
('user_demo', 'sess_001', 'intent_triggered', 'Intent Triggered', '{"intent": "prescription_status"}', '/', 'desktop', NOW() - INTERVAL '1 day'),
('user_demo', 'sess_001', 'prescription_checked', 'Prescription Status Checked', '{"prescriptionName": "Lisinopril", "status": "ready"}', '/', 'desktop', NOW() - INTERVAL '1 day'),
('user_demo', 'sess_002', 'page_view', 'Page Viewed', '{}', '/', 'mobile', NOW() - INTERVAL '2 days'),
('user_demo', 'sess_002', 'chat_started', 'Chat Session Started', '{}', '/', 'mobile', NOW() - INTERVAL '2 days'),
('user_demo', 'sess_002', 'intent_triggered', 'Intent Triggered', '{"intent": "refill_request"}', '/', 'mobile', NOW() - INTERVAL '2 days'),
('user_demo', 'sess_002', 'refill_requested', 'Refill Requested', '{"prescriptionName": "Metformin"}', '/', 'mobile', NOW() - INTERVAL '2 days'),
('user_demo', 'sess_002', 'card_action', 'Card Action Clicked', '{"actionType": "notify", "cardType": "prescription"}', '/', 'mobile', NOW() - INTERVAL '2 days'),
('user_demo2', 'sess_003', 'page_view', 'Page Viewed', '{}', '/', 'desktop', NOW() - INTERVAL '3 days'),
('user_demo2', 'sess_003', 'intent_triggered', 'Intent Triggered', '{"intent": "symptom_intake"}', '/', 'desktop', NOW() - INTERVAL '3 days'),
('user_demo2', 'sess_003', 'pharmacist_escalation', 'Pharmacist Escalation Requested', '{"reason": "complex symptoms"}', '/', 'desktop', NOW() - INTERVAL '3 days'),
('user_demo2', 'sess_004', 'page_view', 'Page Viewed', '{}', '/', 'tablet', NOW() - INTERVAL '4 days'),
('user_demo2', 'sess_004', 'intent_triggered', 'Intent Triggered', '{"intent": "book_appointment"}', '/', 'tablet', NOW() - INTERVAL '4 days'),
('user_demo2', 'sess_004', 'appointment_booked', 'Appointment Booked', '{"appointmentType": "Flu Shot"}', '/', 'tablet', NOW() - INTERVAL '4 days'),
('user_demo3', 'sess_005', 'page_view', 'Page Viewed', '{}', '/', 'mobile', NOW() - INTERVAL '5 days'),
('user_demo3', 'sess_005', 'intent_triggered', 'Intent Triggered', '{"intent": "prescription_status"}', '/', 'mobile', NOW() - INTERVAL '5 days'),
('user_demo3', 'sess_005', 'intent_triggered', 'Intent Triggered', '{"intent": "general_health"}', '/', 'mobile', NOW() - INTERVAL '5 days'),
('user_demo3', 'sess_006', 'emergency_triggered', 'Emergency Keywords Detected', '{"keyword": "chest pain"}', '/', 'mobile', NOW() - INTERVAL '6 days');

INSERT INTO user_sessions (session_id, user_id, page_views, events_count, messages_sent, device_type, is_authenticated, started_at) VALUES
('sess_001', 'user_demo', 1, 5, 3, 'desktop', true, NOW() - INTERVAL '1 day'),
('sess_002', 'user_demo', 1, 5, 2, 'mobile', true, NOW() - INTERVAL '2 days'),
('sess_003', 'user_demo2', 1, 3, 2, 'desktop', true, NOW() - INTERVAL '3 days'),
('sess_004', 'user_demo2', 1, 3, 1, 'tablet', true, NOW() - INTERVAL '4 days'),
('sess_005', 'user_demo3', 1, 3, 2, 'mobile', true, NOW() - INTERVAL '5 days'),
('sess_006', 'user_demo3', 1, 1, 1, 'mobile', true, NOW() - INTERVAL '6 days');

INSERT INTO funnel_events (user_id, session_id, funnel_name, step_name, step_order, completed, metadata) VALUES
('user_demo', 'sess_001', 'prescription_check', 'start_chat', 1, true, '{}'),
('user_demo', 'sess_001', 'prescription_check', 'ask_status', 2, true, '{}'),
('user_demo', 'sess_001', 'prescription_check', 'view_result', 3, true, '{}'),
('user_demo', 'sess_002', 'refill_flow', 'start_chat', 1, true, '{}'),
('user_demo', 'sess_002', 'refill_flow', 'request_refill', 2, true, '{}'),
('user_demo', 'sess_002', 'refill_flow', 'enable_notification', 3, true, '{}'),
('user_demo2', 'sess_003', 'symptom_flow', 'start_chat', 1, true, '{}'),
('user_demo2', 'sess_003', 'symptom_flow', 'describe_symptoms', 2, true, '{}'),
('user_demo2', 'sess_003', 'symptom_flow', 'escalate_pharmacist', 3, true, '{}'),
('user_demo2', 'sess_004', 'appointment_flow', 'start_chat', 1, true, '{}'),
('user_demo2', 'sess_004', 'appointment_flow', 'view_slots', 2, true, '{}'),
('user_demo2', 'sess_004', 'appointment_flow', 'book_slot', 3, true, '{}');

INSERT INTO feature_usage (user_id, feature_name, usage_count, first_used_at, last_used_at) VALUES
('user_demo', 'prescription_status', 5, NOW() - INTERVAL '30 days', NOW() - INTERVAL '1 day'),
('user_demo', 'refill_request', 3, NOW() - INTERVAL '20 days', NOW() - INTERVAL '2 days'),
('user_demo', 'notify_when_ready', 4, NOW() - INTERVAL '15 days', NOW() - INTERVAL '2 days'),
('user_demo2', 'symptom_intake', 2, NOW() - INTERVAL '10 days', NOW() - INTERVAL '3 days'),
('user_demo2', 'book_appointment', 3, NOW() - INTERVAL '25 days', NOW() - INTERVAL '4 days'),
('user_demo2', 'pharmacist_callback', 1, NOW() - INTERVAL '3 days', NOW() - INTERVAL '3 days'),
('user_demo3', 'prescription_status', 4, NOW() - INTERVAL '14 days', NOW() - INTERVAL '5 days'),
('user_demo3', 'general_health', 2, NOW() - INTERVAL '7 days', NOW() - INTERVAL '5 days');

INSERT INTO conversation_analytics (user_id, session_id, message_count, user_message_count, assistant_message_count, intents, escalated, resolved, first_response_time_ms, avg_response_time_ms) VALUES
('user_demo', 'sess_001', 6, 3, 3, '["prescription_status"]', false, true, 450, 520),
('user_demo', 'sess_002', 4, 2, 2, '["refill_request"]', false, true, 380, 410),
('user_demo2', 'sess_003', 6, 3, 3, '["symptom_intake"]', true, true, 520, 580),
('user_demo2', 'sess_004', 4, 2, 2, '["book_appointment"]', false, true, 340, 390),
('user_demo3', 'sess_005', 6, 3, 3, '["prescription_status", "general_health"]', false, true, 480, 510),
('user_demo3', 'sess_006', 2, 1, 1, '["emergency"]', true, true, 180, 180);

-- ============================================
-- Summary
-- ============================================
-- Total records inserted:
-- Medications: 15
-- Health Conditions: 20
-- Allergies: 25
-- Symptom Logs: 50
-- Vitals: 60
-- Appointments: 20
-- User Preferences: 5
-- Prescription Notifications: 10
-- Escalation Triggers: 30
-- Analytics Events: 20
-- User Sessions: 6
-- Funnel Events: 12
-- Feature Usage: 8
-- Conversation Analytics: 6
-- TOTAL: 205 records
-- 
-- Note: Medication adherence and reminders removed as they require 
-- foreign key references to auto-generated medication UUIDs.
-- These can be added after medications are inserted by querying
-- the medication IDs first.
